playlist_position,curriculum_order,module,module_name,priority,guest,organisation,part,canonical_episode,published,minutes,domains,core_mental_model,transferable_lesson,prerequisites,redundancy_overlap,in_top_10,in_top_25,video_id,url,youtube_title
1,71,M10,Personal Operating System,S,Mukesh Bansal,Myntra / Cult.fit / Nurix,2,S3E17,2026-08-17,63,Personal OS; Thinking; Organisation,"'No means not now' - rejection as timing, not verdict; the learning-vs-winning 2x2","The densest personal-operating-system episode in the series: explicit mental models, how he writes books by showing up to a blank page, hiring by working with someone for six months, separating longevity basics from abandoned biohacking, loyalty to a mission rather than to a person, and rating his own life an 8.",Mukesh Bansal Part 1 (M2) first,"Absorbs and improves on the personal-battery content of nearly every other Part 2 - if you watch one back-half, watch this one",yes,yes,qRwsrcf0ua0,https://www.youtube.com/watch?v=qRwsrcf0ua0,"Part 2: Mukesh Bansal on hiring for loyalty to a mission, ""no means not now"", writing three books..."
2,10,M2,Entrepreneurship,A,Mukesh Bansal,Myntra / Cult.fit / Nurix,1,S3E17,2026-08-10,57,Entrepreneurship; Thinking; Product,Three kinds of professionals in the AI age; founder mode reversed by AI,"The most current episode in the series on how AI changes the operator/manager balance - the hands-on builder gains, the pure people-manager loses. Also: deliberately rejecting the single-company compounding path in favour of learning rate.",None,AI-age content is unique in the playlist; serial-founder psychology overlaps Chetan Maini (M2),,yes,vnlSnbOek30,https://www.youtube.com/watch?v=vnlSnbOek30,"Part 1: Mukesh Bansal on founder mode in the AI age, the three kinds of professionals in the AI a..."
3,45,M6,Business economics,B,Kanwal Singh,Fireside Ventures,2,S3E16,2026-07-27,60,Business economics; Organisation; Personal OS,Capping the fund: turning down 2x the money you could raise,"Capital discipline as strategy, plus backing the founder over the idea and reading a founder by meeting their family. Strong second half, but the density is in Part 1.",Watch Part 1 first,Hiring-by-reading-people overlaps Anand Jain P2 (M1) and Krish Subramanian (M7),,,SRAYZ7zdoPs,https://www.youtube.com/watch?v=SRAYZ7zdoPs,"Fireside Ventures' Kanwaljit Singh on the decade at Hindustan Lever that gave him consumer, raisi..."
4,44,M6,Business economics,A,Kanwal Singh,Fireside Ventures,1,S3E16,2026-07-20,62,Business economics; Strategy; India,"Anti-power-law portfolio design, and the India 1 / 2 / 3 consumer map","The only investor-side view in the playlist, and it is a good one: designing the fund itself as the bet, ownership and follow-on by design, and a working segmentation of the Indian consumer worth stealing outright.",None,India 1/2/3 segmentation overlaps Manish Sabharwal (M9) at the macro level,,,9-elbuGzT4U,https://www.youtube.com/watch?v=9-elbuGzT4U,"Fireside Ventures' Kanwal Singh on the consumer-brands bet nobody believed in, why ""for a 5x, nob..."
5,36,M5,Distribution,S,Saahil Goel,Shiprocket,2,S3E15,2026-07-13,62,Distribution; Strategy; Organisation,Distribution beats product - stated as an explicit operating first principle,"The clearest articulation in the series of distribution as the moat, plus the two or three metrics he actually obsesses over and why he believes you cannot manage people, only select them.",Watch Part 1 first,"Complements rather than repeats Sahil Barua (M1): Barua on network physics, Goel on aggregating demand",yes,yes,UnRLdLYx_Kg,https://www.youtube.com/watch?v=UnRLdLYx_Kg,Part 2: Saahil Goel of Shiprocket on wanting a paisa of every Indian transaction outside the mark...
6,35,M5,Distribution,A,Saahil Goel,Shiprocket,1,S3E15,2026-07-07,65,Distribution; India; Business economics,"In India you sell outcomes, not software","Why Indian SMBs would not pay for software, and how that single constraint forced three rebuilds (Craftly -> KartRocket -> Shiprocket). Also an honest account of an investor ultimatum and how much capital the journey actually consumed.",None,SMB monetisation overlaps Bisu P1 (M6) and Alok Mittal P1 (M8),,,BXwNUqJBO9A,https://www.youtube.com/watch?v=BXwNUqJBO9A,"Part 1: Saahil Goel of Shiprocket on rebuilding the same company three times,  the $4 million he ..."
7,38,M5,Distribution,A,Riyaaz Amlani,Impresario / Social,2,S3E14,2026-06-22,64,Distribution; Strategy,'Digital landlords' - when the aggregator owns your customer,"The best aggregator-power episode in the series: how Zomato and Swiggy trained demand, why restaurateurs who send guests to aggregators have themselves to blame, the Booking.com/hotels parallel, and why delivery and dine-in are different businesses.",Watch Part 1 first,Platform-dependency theme is unique here; complements Saahil Goel P2 (aggregator side of the same coin),,yes,fdQ0yMEJ0dg,https://www.youtube.com/watch?v=fdQ0yMEJ0dg,"Part 2: Impresario's Riyaaz Amlani on digital landlords, doers & divas, and why delivery will nev..."
8,37,M5,Distribution,B,Riyaaz Amlani,Impresario / Social,1,S3E14,2026-06-15,64,Distribution; Business economics; India,"Location vs locality, and the operating metric: AOV x covers x table turnaround","Twenty-five years in the highest-mortality business there is, including four near-deaths. Strong on unit economics you can hold in your head, and on real estate as the actual product.",None,Asset-utilisation overlaps Ritesh Agarwal P1 (M4),,,CdY4wBhYIWY,https://www.youtube.com/watch?v=CdY4wBhYIWY,"Part 1: Impresario's Riyaaz Amlani on Mocha, ""Handmade,"" four near-deaths and 25 years of buildin..."
9,43,M6,Business economics,A,Lal Chand Bisu,Kuku FM,2,S3E13,2026-05-04,75,Business economics; Thinking; Personal OS,'The full equation' - CAC alone is meaningless,"Track revenue, CAC, LTV and cohort profit as one object; the two real metrics are equation health and engagement. Also: saying no requires more work than saying yes, and most learning comes from iterations rather than books.",Watch Part 1 first,Metrics discipline overlaps Saahil Goel P2 (M5) and Riyaaz Amlani P1 (M5),,,mftGICdVI9M,https://www.youtube.com/watch?v=mftGICdVI9M,"Part 2: Kuku’s Lal Chand Bisu on the Bathoth-to-Bandra arc, learning from iterations not books, a..."
10,42,M6,Business economics,S,Lal Chand Bisu,Kuku FM,1,S3E13,2026-04-27,64,Business economics; India; Product,Pricing courage: kill the free tier and charge Bharat,"In January 2021 Kuku cut the free tier and charged Rs 399/year against investor pushback, and never took ads. Rich Dad Poor Dad drew 40 million Hindi listens. The definitive refutation of 'Indians will not pay' - and the series' best pricing episode.",None,"Bharat willingness-to-pay overlaps Lalit Keshre (M3), Smita Deorah (M9), Aloke Bajpai (M9) - Bisu is the sharpest",yes,yes,ulPDyeHDPDM,https://www.youtube.com/watch?v=ulPDyeHDPDM,"Part 1: Kuku's Lal Chand Bisu on killing three products, ditching the free tier and charging Bhar..."
11,57,M7,Organisation,B,Ankit Nagori,Curefoods,2,S3E12,2026-03-30,63,Product; Organisation; India,Indians only eat healthy Monday to Thursday - stated vs revealed preference,A crisp consumer-insight lesson (healthy food loses to biryani on Friday) attached to a house-of-brands ambition.,Watch Part 1 first,Revealed-preference lesson is stated better by Lalit Keshre (M3); house of brands overlaps Jaydeep Barman (M4),,,wO-qKrMDJoM,https://www.youtube.com/watch?v=wO-qKrMDJoM,"Part 2: Curefoods' Ankit Nagori on why Indians only eat healthy Monday to Thursday, focusing on b..."
12,56,M7,Organisation,B,Ankit Nagori,Curefoods,1,S3E12,2026-03-23,54,Organisation; Entrepreneurship,Talent density - and whether you can deliberately design for it,"Cold-emailing into Flipkart as employee 22, then spinning out Curefoods mid-pandemic at Rs 2 crore/month. The talent-density question is the transferable part.",None,Talent density overlaps Mukesh Bansal P2 (M10) and Anand Jain P2 (M1),,,Co9pu95CzLg,https://www.youtube.com/watch?v=Co9pu95CzLg,"Part 1: Curefoods' Ankit Nagori on cold emailing his way into Flipkart, designing for talent dens..."
13,12,M2,Entrepreneurship,B,Utham Gowda,Captain Fresh,2,S3E11,2026-03-02,58,Entrepreneurship; Personal OS,Deliberate downside: taking salary cuts at every job change to buy optionality,Career capital compounding over cash compensation - the inverse of Manav Garg's golden handcuffs.,Watch Part 1 first,Personal-battery questions overlap every other Part 2; direct counterpart to Manav Garg P1,,,oVLnHQiTibM,https://www.youtube.com/watch?v=oVLnHQiTibM,Part 2: Captain Fresh's Utham Gowda on seafood as the world's last unorganised trillion-dollar i...
14,11,M2,Entrepreneurship,A,Utham Gowda,Captain Fresh,1,S3E11,2026-02-23,66,Entrepreneurship; Strategy; India,Opportunity selection: find a large unorganised market where organising IS the value,"How to choose what to work on. A vegetarian from landlocked Mysore built a global seafood business because the opportunity was picked analytically, not from personal affinity.",None,Market-selection logic overlaps Kapil Chopra (M4) and Deepak Abbot (M9),,yes,a1MjMsiHeM8,https://www.youtube.com/watch?v=a1MjMsiHeM8,Part 1: Captain Fresh's Utham Gowda on seafood as the world's last unorganised trillion-dollar i...
15,52,M7,Organisation,A,Kalpana Morparia,ICICI / JPMorgan India,2,S3E10,2026-02-09,57,Leadership; Career; Personal OS,Ambition requires something you have to be willing to give up,"Candid on regret and on what she wishes she had done differently, plus the 90-day NYSE listing race. Strong back-half by the standards of the series.",Watch Part 1 first,"Personal battery, but unusually substantive",,,2duMgXJLY7g,https://www.youtube.com/watch?v=2duMgXJLY7g,"Part 2: Kalpana Morparia on the culture of dissent, the 90-day NYSE race, and why ambition requir..."
16,51,M7,Organisation,S,Kalpana Morparia,ICICI / JPMorgan India,1,S3E10,2026-02-02,60,Organisation; Leadership; Career,Institutionalised dissent - the junior-most person can contradict the chairman,"A fifty-year vantage on how a culture of dissent is actually maintained, and on saying yes to a role you are unqualified for (a lawyer asked to run Treasury in 1975). Rare in a playlist dominated by founders.",None,"Culture theme overlaps Alok Mittal P1 (M8) - Morparia on dissent, Mittal on discovery",,yes,D4pAptnsalQ,https://www.youtube.com/watch?v=D4pAptnsalQ,"Part 1: Kalpana Morparia on the culture of dissent, the 90-day NYSE race, and why ambition requir..."
17,62,M8,Leadership,B,Rohit Chennamaneni,Darwinbox,2,S3E9,2026-01-19,62,Leadership; Product,When intelligence stops being the advantage,"On staying with uncomfortable problems rather than out-thinking them. NOTE: the publisher reused an almost identical blurb for both parts, so the split of content between them is not verifiable from metadata.",Watch Part 1 first,"Description is near-identical to Part 1 - expect overlap, verify by watching",,,VwPNzUVaKtg,https://www.youtube.com/watch?v=VwPNzUVaKtg,"Part 2: Darwinbox’s Rohit Chennamaneni on leading without a CEO, the ‘show don’t tell’ product mi..."
18,61,M8,Leadership,A,Rohit Chennamaneni,Darwinbox,1,S3E9,2026-01-12,50,Leadership; Organisation; Product,"Divide ownership of decisions, not decision-making - running with no CEO","Three founders split decision rights rather than debating everything jointly, which got faster as the company scaled. Also 'show don't tell' product design: software that needs no training, where adoption beats feature depth.",None,No-CEO structure overlaps MN Srinivasu (M7); product-led founder overlaps Girish Mathrubootham (M7),,,pO3lzh1MPgI,https://www.youtube.com/watch?v=pO3lzh1MPgI,"Part 1: Darwinbox’s Rohit Chennamaneni on leading without a CEO, the ‘show don’t tell’ product mi..."
19,73,APX,Appendix - supercuts & specials,C,The 2025 wrap,-,-,,2025-12-29,99,Specials,Guided tour of the eight Season 3 conversations of 2025,Useful only as a 90-minute triage device if you want to sample before committing. Every clip comes from an episode already in this curriculum.,None,Fully redundant with the S3 2025 episodes (Vidit Aatrey through Ixigo) if you follow the curriculum,,,1rhYYn8PGYU,https://www.youtube.com/watch?v=1rhYYn8PGYU,"First Principles, second look: The 2025 wrap"
20,67,M9,India,A,Aloke Bajpai,Ixigo,2,S3E8,2025-12-22,69,India; Leadership; Personal OS,Empathy and resilience as survival mechanisms across 14 years,"On surviving a year without funding and the long arc to becoming a full OTA. Good, but Part 1 holds the transferable core.",Watch Part 1 first,Partially repeats Part 1's narrative,,,pHIUUJ2_wRY,https://www.youtube.com/watch?v=pHIUUJ2_wRY,"Part 2: Ixigo's Aloke Bajpai on using empathy, customer experience, and resilience to both surviv..."
21,66,M9,India,S,Aloke Bajpai,Ixigo,1,S3E8,2025-12-15,62,India; Product; Strategy; Distribution,"Serve the 96% - build utility first, monetise later","96% of Indians do not fly, so Ixigo went trains-first and spent four years building unmonetised utility (including ML waitlist-confirmation prediction) while everyone else copied the Western flights-first template. A masterclass in market selection under Indian constraints.",None,Delayed monetisation overlaps Lalit Keshre (M3); India-specific product constraints overlap Bisu P1 (M6),,yes,O2TACa4xVik,https://www.youtube.com/watch?v=O2TACa4xVik,"Part 1: Ixigo's Aloke Bajpai on using empathy, customer experience, and resilience to both surviv..."
22,69,M9,India,B,Deepak Abbot,Indiagold,2,S3E7,2025-11-17,56,India; Product; Personal OS,Building with your own hands after a corporate career,"On leaving Paytm to build again, and the data-driven habit underneath it. Contextual.",Watch Part 1 first,Personal battery overlaps every other Part 2,,,qZNKt0dQhyw,https://www.youtube.com/watch?v=qZNKt0dQhyw,Part 2: Indiagold's Deepak Abbot on turning a nation's 'dead asset' into credit scores and workin...
23,68,M9,India,A,Deepak Abbot,Indiagold,1,S3E7,2025-11-10,66,India; Business models; Product,Turn a dead asset into working capital - latent collateral,India's household gold is a vast dormant balance sheet; converting it into credit scores and credit is an India-specific moat VCs dismissed as 'old economy'. A repeatable pattern: find the asset your market already holds but cannot use.,None,Informal-credit theme overlaps Alok Mittal P1 (M8); unlocking-dormant-assets overlaps Ritesh Agarwal P1 (M4),,,tW5GdGEFy-4,https://www.youtube.com/watch?v=tW5GdGEFy-4,Part 1: Indiagold's Deepak Abbot on turning a nation's 'dead asset' into credit scores and workin...
24,49,M7,Organisation,A,Rahul Matthan,Trilegal,2,S3E6,2025-09-22,63,Organisation; Leadership; Personal OS,"Institution building as patient, principled repetition","Continues the partnership and principles discussion. Strong, but Part 1 carries the transferable core.",Watch Part 1 first,Partial repetition of Part 1's partnership material,,,sw92Bqj8S8Y,https://www.youtube.com/watch?v=sw92Bqj8S8Y,"Rahul Matthan, Trilegal | Part 2 | First Principles | Rohin Dharmakumar | The Ken"
25,48,M7,Organisation,S,Rahul Matthan,Trilegal,1,S3E6,2025-09-15,69,Organisation; Leadership; Incentives,"Lockstep compensation and all-equity partnership - design so the firm compounds, not the individual","The single best incentive-design episode in the series. In a business where the people are the product, Trilegal deliberately de-risked itself from rainmakers and chose collaboration over stardom - and the decisions made 25 years ago are what compounded.",None,"Incentive design overlaps Soumya Rajan P1 (M4), but Matthan is internal and Rajan external - watch both",yes,yes,CyMzM7636ro,https://www.youtube.com/watch?v=CyMzM7636ro,"Rahul Matthan, Trilegal | Part 1 | First Principles | Rohin Dharmakumar | The Ken"
26,9,M1,Thinking / First Principles,A,Anand Jain,CleverTap,2,S3E-,2025-08-18,71,Thinking; Organisation,"First principles as an operating philosophy, not a slogan","How a company actually installs first-principles reasoning: open-ended interview questions, the risk of hiring only from within, why the second hire in a role is more valuable than the first.",Watch Part 1 first,"Hiring content overlaps Krish Subramanian (M7), Ankit Nagori (M7), Kanwal Singh P2 (M6)",,,CIwfoIRK6Ig,https://www.youtube.com/watch?v=CIwfoIRK6Ig,"Anand Jain, Clevertap | Part 2 | First Principles | Rohin Dharmakumar | The Ken"
27,8,M1,Thinking / First Principles,B,Anand Jain,CleverTap,1,S3E-,2025-08-11,65,Thinking; Entrepreneurship,Reasoning down to the primitive (literally: 'what is a database'),Reducing a product category to its irreducible technical primitive before building on top of it. Also a clean case of a bootstrapped-to-inbound-funding path.,None,Company-history portion overlaps little; the reasoning content is concentrated in Part 2,,,8b1B_c-X1YY,https://www.youtube.com/watch?v=8b1B_c-X1YY,"Anand Jain, Clevertap | Part 1 | First Principles | Rohin Dharmakumar | The Ken"
28,24,M3,Product,B,Narayan Subramaniam,Ultraviolette,2,S3E8,2025-07-28,62,Product; Personal OS,Discarding options as the core design act,"Good chapter-level material on clarity and option elimination, wrapped in a long personal battery.",Watch Part 1 first,Personal battery overlaps every other Part 2,,,psuAVPKlKOU,https://www.youtube.com/watch?v=psuAVPKlKOU,"Narayan Subramaniam, Ultraviolette | Part 2 | First Principles | Rohin Dharmakumar | The Ken"
29,23,M3,Product,B,Narayan Subramaniam,Ultraviolette,1,S3E7,2025-07-21,76,Product; Entrepreneurship,'Nobody's asking for this' - design-led conviction,"Building against stated demand when you believe the category is mispriced. Strong on craft, attention to detail and learning by tinkering.",None,Design-conviction theme overlaps Chetan Maini (M2),,,XMlMMcBMDoE,https://www.youtube.com/watch?v=XMlMMcBMDoE,"Narayan Subramaniam, Ultraviolette | Part 1 | First Principles | Rohin Dharmakumar | The Ken"
30,,UNAVAILABLE,Unavailable,N/A,UNAVAILABLE,-,-,,,0,-,-,Video at playlist position 30 is private or removed - no metadata retrievable.,-,-,,,vHwCo0RIX44,https://www.youtube.com/watch?v=vHwCo0RIX44,youtube video #vHwCo0RIX44
31,65,M9,India,S,Manish Sabharwal,TeamLease,2,S3E6,2025-07-01,45,India; Thinking; Long-term thinking,'Is 2% of a large market a bad market?' - and why countries actually got rich,"The definitive India module: reform agenda, the crisis in higher education, the Hindu rate of growth, inequality and the welfare state, and a firm rejection of cultural explanations for development. Dense, opinionated, and the highest-leverage macro hour in the playlist.",Watch Part 1 first,Macro framing subsumes the India commentary scattered across most other episodes,yes,yes,Wuk9bq9xfys,https://www.youtube.com/watch?v=Wuk9bq9xfys,"Manish Sabharwal, Teamlease | Part 2 | First Principles | Rohin Dharmakumar | The Ken"
32,64,M9,India,A,Manish Sabharwal,TeamLease,1,S3E5,2025-06-24,65,India; Business economics; Organisation,Formalisation as the engine of Indian productivity,Labour formalisation from the inside of the company that does it at scale. The company-level ground for the macro argument in Part 2.,Ideally after M4-M7 so the macro lands on concrete cases,"Formalisation thesis shares ground with Archit Gupta (M4), who is the software instance of it",,,k24M9K_Eqwk,https://www.youtube.com/watch?v=k24M9K_Eqwk,"Manish Sabharwal, Teamlease | Part 1 | First Principles | Rohin Dharmakumar | The Ken"
33,5,M1,Thinking / First Principles,S,Sahil Barua,Delhivery,2,S3E4,2025-05-19,66,Thinking; Organisation; Leadership,'Structure is destiny' - org structure determines which outcomes are reachable,Re-ask 'is my structure still valid?' on a schedule. Also the best treatment in the series of preparation over improvisation: unstructured mentoring and unprepared discussion are worse than none.,Watch Part 1 first (same conversation),"Org-design theme recurs in Rahul Matthan (M7) and MN Srinivasu (M7), from different angles - low redundancy",yes,yes,0oNVTVta7II,https://www.youtube.com/watch?v=0oNVTVta7II,"Sahil Barua, Delhivery | Part 2 | First Principles | Rohin Dharmakumar | The Ken"
34,4,M1,Thinking / First Principles,S,Sahil Barua,Delhivery,1,S3E3,2025-05-12,73,Thinking; Strategy; Distribution; India,"Meshed networks beat hub-and-spoke: design the network, not the route","Derive the system from physical constraints (geography, density, topography) rather than copying an incumbent's blueprint. 'Reverse Robin Hood' - who actually subsidises whom in your network - is a question every multi-sided business should be able to answer.",None - this is the recommended entry point,"Logistics/supply-chain overlap with Saahil Goel (M5), Karthik Jayaraman (M5), Vaibhav Gupta (M1)",,yes,_RrRm8ipDF4,https://www.youtube.com/watch?v=_RrRm8ipDF4,"Sahil Barua, Delhivery | Part 1 | First Principles | Rohin Dharmakumar | The Ken"
35,20,M3,Product,B,Vidit Aatrey,Meesho,2,S3E2,2025-04-21,40,Organisation; Personal OS,Looking beyond the horizon for ambiguous questions,"Short (40 min) back-half on upbringing, hiring and parenting. Pleasant, but low density relative to Part 1.",Watch Part 1 first,Personal battery overlaps every other Part 2,,,9xC-hLpJlQE,https://www.youtube.com/watch?v=9xC-hLpJlQE,"Vidit Aatrey, Meesho | Part 2 | First Principles | Rohin Dharmakumar | The Ken"
36,19,M3,Product,S,Vidit Aatrey,Meesho,1,S3E1,2025-04-14,92,Product; Thinking; Organisation,"Problem-first thinking installed as a cultural artifact, not a personal habit","The difference between a founder who thinks problem-first and a company that does. Meesho's pivots track changes in the customer, not in the market narrative.",None,Direct complement to Vaibhav Gupta P2 (M1) on refusing pattern-matching,yes,yes,p6-HHHtQ7OM,https://www.youtube.com/watch?v=p6-HHHtQ7OM,"Vidit Aatrey, Meesho | Part 1 | First Principles | Rohin Dharmakumar | The Ken"
37,74,APX,Appendix - supercuts & specials,C,"The Final Supercut, Part 2 (founders 21-41)",-,-,,2024-07-11,89,Specials,One slice each from founders 21-41,"Every one of these 21 founders has a full episode on this playlist, so the marginal learning is near zero once you have the matrix.",None,Directly redundant with 21 full episodes already in M2-M9,,,1Zp1fZZCzX8,https://www.youtube.com/watch?v=1Zp1fZZCzX8,The Final Supercut Part 2: Founders 20-41
38,1,M0,Orientation (optional),A,"The Final Supercut, Part 1 (founders 1-20)",-,-,,2024-07-04,85,Specials,One slice each from founders 1-20,"HIGH VALUE FOR AN UNUSUAL REASON: 18 of these 20 founders have no full episode on this playlist - Kabeer Biswas (Dunzo), Baskar Subramanian (Amagi), Nithin Kamath (Zerodha), Naveen Tewari (InMobi), Ananth Narayanan (Mensa), Harshil Mathur (Razorpay), Vineeta Singh (SUGAR), Amrish Rau (Pine Labs), Amit Agarwal (NoBroker), Tarun Mehta (Ather), Deep Kalra (MakeMyTrip), Ruchi Kalra (Oxyzo), Kamal Sagar (Total Environment), Srikanth Iyer (HomeLane), Shan Kadavil (FreshToHome), Kunal Shah (CRED), Srikanth Velamakanni (Fractal), Ronnie Screwvala (UpGrad). This is your only access to them here.",None,"Only ~2 of 20 (Gaurav Munjal, Smita Deorah) overlap full episodes on the playlist",,,PK0UL6GgusE,https://www.youtube.com/watch?v=PK0UL6GgusE,The Final Supercut Part 1: Founders 1-20
39,79,APX,Appendix - supercuts & specials,D,Last Principles (show sign-off),-,-,,2024-06-20,7,Specials,Show announcement,Announces the end of the original run. No learning content.,None,No overlap - and no content,,,fVVIwYc4QLE,https://www.youtube.com/watch?v=fVVIwYc4QLE,Last Principles
40,75,APX,Appendix - supercuts & specials,B,Five women founders,-,-,,2024-06-13,84,Specials,"Leading with empathy and ambition, unapologetically","Worth it for the perspective, which the playlist otherwise under-represents; the individual conversations are stronger where they exist.",None,"Partially redundant with Smita Deorah, Radhika Gupta, Soumya Rajan, Ruchi Kalra, Vineeta Singh",,,6uG8esCNhy4,https://www.youtube.com/watch?v=6uG8esCNhy4,Five Women Founders | Rohin Dharmakumar | First Principles by The Ken
41,14,M2,Entrepreneurship,C,Manav Garg,Eka Software / Together Fund,2,S2E29,2024-06-06,67,Entrepreneurship; Business economics,Facilitators vs builders - what a VC actually is,Mostly a career-transition narrative. Useful if you are weighing an operator-to-investor move; otherwise low marginal learning.,Watch Part 1 first; Alok Mittal P1 (M8) covers the same operator/VC tension better,Heavy overlap with Alok Mittal on the operator-vs-VC question,,,-_3WxE-QOP8,https://www.youtube.com/watch?v=-_3WxE-QOP8,"Manav Garg, Eka Software | Part 2 | Rohin Dharmakumar"
42,59,M8,Leadership,S,Alok Mittal,Indifi,2,S2E28,2024-05-30,51,Leadership; Organisation; Succession,Design for a post-founder future - against founder worship,"'There are great organizations built where founders did not believe in founder-centricity, and they sustain after the founder leaves.' The thesis statement for institution building, and the most counter-consensus leadership argument in the playlist.",Watch Part 1 first,"Watch with Varun Dua (succession in practice) and MN Srinivasu (M7, the extreme structural case)",yes,yes,1bqqnVjUcbI,https://www.youtube.com/watch?v=1bqqnVjUcbI,"Alok Mittal, Indifi | Part 2 | Rohin Dharmakumar | First Principles by The Ken"
43,13,M2,Entrepreneurship,A,Manav Garg,Eka Software,1,S2E27,2024-05-23,63,Entrepreneurship; Distribution,Golden handcuffs - high income as a risk-aversion trap,"Two transferable moves: recognising when your salary has become the thing stopping you, and cold-calling the incumbents (SAP, Openlink, TriplePoint) to learn the market before building.",None,Enterprise-sales content overlaps Aneesh Reddy (M2) and Krish Subramanian (M7),,,LAH5xurKF9U,https://www.youtube.com/watch?v=LAH5xurKF9U,"Manav Garg, Eka Software | Rohin Dharmakumar | First Principles"
44,29,M4,Strategy,A,Kapil Chopra,The Postcard Hotels,-,,2024-05-22,110,Strategy; India; Business economics,The differentiation ladder: commodity -> product -> luxury -> transformational,A reusable positioning ladder plus a market-reframing move: stop fighting over 1M luxury foreign tourists and convert 1% of 2.3B domestic trips instead. Excellent on how to resize a market you were told was small.,None,TAM-reframing overlaps Utham Gowda P1 (M2); premium-India thesis overlaps Kanwal Singh P1 (M6),,,JwhNVGl6BhM,https://www.youtube.com/watch?v=JwhNVGl6BhM,"Kapil Chopra, Postcard Hotels | Rohin Dharmakumar | First Principles"
45,31,M4,Strategy,B,Jaydeep Barman,Rebel Foods,2,S2E25,2024-05-22,48,Strategy; Leadership,"House of brands, LVMH-style, applied to food",Useful on the portfolio logic; the rest is founder maturation ('I must have rubbed people the wrong way').,Watch Part 1 first,Founder-maturation arc overlaps Aneesh Reddy P2 (M2),,,7mvYfAGiReA,https://www.youtube.com/watch?v=7mvYfAGiReA,"Jaydeep Barman, Rebel Foods | Part 2 | Rohin Dharmakumar | First Principles by The Ken"
46,58,M8,Leadership,A,Alok Mittal,Indifi,1,S2E24,2024-05-10,75,Leadership; Organisation; India,Culture should not be defined but discovered,"Against culture-as-declaration. Also the claim that mid-management, not the leadership team, holds an organisation together, plus a preservation mindset and a portfolio mindset toward risk.",None,Culture theme overlaps Kalpana Morparia P1 (M7) and Krish Subramanian (M7),,yes,cIyhQa3C6so,https://www.youtube.com/watch?v=cIyhQa3C6so,"Alok Mittal, Indifi | Rohin Dharmakumar | First Principles by The Ken"
47,30,M4,Strategy,A,Jaydeep Barman,Rebel Foods,1,S2E23,2024-04-29,89,Strategy; Business economics,The internet restaurant - decouple the brand from the real estate,"A genuine business-model innovation explained from the ground up: one kitchen, many brands, and why the business is 'misunderstood'. Also a long false start (2004 -> INSEAD -> McKinsey -> 2011 restart).",None,Multi-brand platform logic overlaps Ankit Nagori (M7); restaurant economics overlap Riyaaz Amlani (M5),,,CtiDJZIih5k,https://www.youtube.com/watch?v=CtiDJZIih5k,"Jaydeep Barman, Rebel Foods | Rohin Dharmakumar | First Principles by The Ken"
48,16,M2,Entrepreneurship,B,Chetan Maini,SUN Mobility,2,S2E22,2024-04-21,40,Entrepreneurship; Personal OS,Finding 'true north' again after a successful exit,Useful on post-exit identity and how to search deliberately rather than reactively. Contextual.,Watch Part 1 first,Overlaps Part 1's timing narrative,,,0YDx3eLTJHw,https://www.youtube.com/watch?v=0YDx3eLTJHw,"Chetan Maini, SUN Mobility | Part 2 | Rohin Dharmakumar | First Principles by The Ken"
49,78,APX,Appendix - supercuts & specials,D,"Five founders: Groww, Spinny, Edelweiss, WayCool, OYO",-,-,,2024-04-15,78,Specials,'What does your company do?' answered five ways,All five have full episodes on this playlist. Skip unless you specifically want the compare-and-contrast of positioning statements.,None,"Fully redundant with Lalit Keshre, Niraj Singh, Radhika Gupta, Karthik Jayaraman, Ritesh Agarwal",,,qudjsszPFKU,https://www.youtube.com/watch?v=qudjsszPFKU,"Five founders ft. Groww, Spinny, Edelweiss AMC, WayCool and OYO | First Principles by The Ken"
50,72,M10,Personal Operating System,B,Harsh Mariwala,Marico,2,S2E21,2024-04-06,41,Personal OS; Leadership,"Still experimenting with learning, fitness and leadership at 72",The long-horizon counterpart to Mukesh Bansal: a structured weekly regimen and continued deliberate learning five decades into a career. Short and concrete.,Harsh Mariwala Part 1 (M4) first,Longevity/habits overlap Mukesh Bansal P2 - Bansal is the richer treatment,,,7oI3QHxm1yg,https://www.youtube.com/watch?v=7oI3QHxm1yg,"Harsh Mariwala, Marico | Part 2 | Rohin Dharmakumar | First Principles by The Ken"
51,15,M2,Entrepreneurship,A,Chetan Maini,REVA / SUN Mobility,1,S2E20,2024-03-30,83,Entrepreneurship; Strategy; India,Being right too early is indistinguishable from being wrong,"Timing as a first-class strategic variable, and the discipline of a two-year synthesis break before choosing the second act. Also unbundling the asset: battery-as-a-service instead of selling cars.",None,Second-act psychology overlaps Mukesh Bansal (M2); infrastructure-as-a-service model overlaps Deepak Abbot (M9),,,ydWyUSB9jCc,https://www.youtube.com/watch?v=ydWyUSB9jCc,"Chetan Maini, Sun Mobility | Rohin Dharmakumar | First Principles by The Ken"
52,55,M7,Organisation,B,Girish Mathrubootham,Freshworks,2,S2E19,2024-03-23,34,Organisation; Thinking; Personal OS,Opening trade secrets to competitors; decision-making capacity is built by deciding early,"The argument that being allowed to make your own decisions as a child compounds into adult decision-making ability. Interesting, contextual.",Watch Part 1 first,Personal battery overlaps every other Part 2,,,1vcU8-Qiyqo,https://www.youtube.com/watch?v=1vcU8-Qiyqo,"Girish Mathrubootham, Freshworks | Part 2 | Rohin Dharmakumar | First Principles by The Ken"
53,25,M4,Strategy,S,Harsh Mariwala,Marico,1,S2E18,2024-03-19,63,Strategy; Business economics; India,Capture the margin you create - branding a commodity,"Fifty years of value-capture reasoning in one episode: Bombay Oil sold 15-litre tins that shopkeepers repacked at a large premium, so Mariwala built Parachute and took that margin back. The clearest lesson on branding and value capture in the series.",None,Commodity-to-brand logic overlaps Kanwal Singh P1 (M6) on the consumer-brands thesis,yes,yes,a6HjA5zFX4I,https://www.youtube.com/watch?v=a6HjA5zFX4I,"Harsh Mariwala, Marico | Rohin Dharmakumar | First Principles by The Ken"
54,54,M7,Organisation,A,Girish Mathrubootham,Freshworks,1,S2E17,2024-03-14,66,Organisation; Product; Leadership,"Do not measure winning by numbers; product manager first, CEO second","Wealth-sharing at scale (500 employees made crorepatis at the NASDAQ listing) as a deliberate organisational choice, not an accident of the cap table.",None,Product-led founder identity overlaps Rohit Chennamaneni (M8),,,GpkhTaCsHjk,https://www.youtube.com/watch?v=GpkhTaCsHjk,"Girish Mathrubootham, Freshworks | Rohin Dharmakumar | First Principles by The Ken"
55,7,M1,Thinking / First Principles,A,Vaibhav Gupta,Udaan,2,S2E16,2024-03-14,54,Thinking,Refusing pattern-matching: do not identify problems by analogy,The core anti-heuristic of the whole series. Pattern-matching is how experienced operators import the wrong problem definition. Pairs directly against Meesho's problem-first method (M3).,Watch Part 1 first,"Thematically the mirror of Vidit Aatrey P1 (M3) - watch both, they reinforce rather than repeat",,yes,kDdzAwxPuT4,https://www.youtube.com/watch?v=kDdzAwxPuT4,"Vaibhav Gupta, Udaan | Part 2 | Rohin Dharmakumar | First Principles by The Ken"
56,77,APX,Appendix - supercuts & specials,C,"Five founders on trust, patience and careers",-,-,,2024-02-24,86,Specials,"Creating trust, patience and careers in organisations",Culture-themed supercut. The recurring word is patience. All five have full episodes on the playlist.,None,"Redundant with M7 once you have watched Krish Subramanian, Rahul Matthan and Kalpana Morparia",,,Xc8jMJg4ciw,https://www.youtube.com/watch?v=Xc8jMJg4ciw,"Five founders on creating trust, patience and careers in their orgs | First Principles by The Ken"
57,18,M2,Entrepreneurship,B,Aneesh Reddy,Capillary Technologies,2,S2E15,2024-02-17,60,Leadership; Personal OS,Being called a 'bully' as leadership feedback,Honest on receiving hard feedback about your own management style. Contextual to the person.,Watch Part 1 first,Founder-maturation arc overlaps Jaydeep Barman P2 (M4),,,lupPq8-g7Oc,https://www.youtube.com/watch?v=lupPq8-g7Oc,"Aneesh Reddy, Capillary Technologies | Part 2 | Rohin Dharmakumar | First Principles by The Ken"
58,6,M1,Thinking / First Principles,A,Vaibhav Gupta,Udaan,1,S2E14,2024-02-09,67,Thinking; Distribution; Organisation,"Execution playbooks - codify the repeatable, don't heroise it","Scale is a playbook problem, not a talent problem. Work backwards from one customer's real cycle (a Mysore shopkeeper's 15-day restock) rather than from a market-size slide.",None,B2B distribution overlaps Karthik Jayaraman (M5); execution/process overlaps Viren Shetty (M6),,,Qwo47t3YoPo,https://www.youtube.com/watch?v=Qwo47t3YoPo,"Vaibhav Gupta, Udaan | Rohin Dharmakumar | First Principles by The Ken"
59,47,M6,Business economics,B,Viren Shetty,Narayana Health,2,S2E13,2024-02-02,66,Personal OS; Leadership,A career free of 'groundhog days',"On pattern recognition as an inherited-but-different trait, and designing work that keeps changing. Contextual.",Watch Part 1 first,Personal battery overlaps every other Part 2,,,Soktrce06Bo,https://www.youtube.com/watch?v=Soktrce06Bo,"Viren Shetty, Narayana Health | Part 2 | Rohin Dharmakumar | First Principles by The Ken"
60,17,M2,Entrepreneurship,A,Aneesh Reddy,Capillary Technologies,1,S2E12,2024-01-27,77,Entrepreneurship; Business economics; Failure,Valuation is a promise you then have to fund,"The most candid account in the series of how an expensive round destroys strategy: leadership spends years justifying the number, burn follows, co-founder communication breaks. 'Dreaming in instalments' is a useful planning frame.",None,Failure/near-death theme overlaps Ritesh Agarwal (M4/M8) and Riyaaz Amlani (M5),,yes,0y4ti3EpeOk,https://www.youtube.com/watch?v=0y4ti3EpeOk,"Aneesh Reddy, Capillary Technologies | Rohin Dharmakumar | First Principles by The Ken"
61,34,M4,Strategy,B,Soumya Rajan,Waterfield Advisors,2,S2E11,2024-01-11,55,Strategy; Leadership; Personal OS,Advisory vs distribution: where the defensible annuity actually sits,"Good on moats and annuity revenue; the rest is legacy, letting go and the personal battery.",Watch Part 1 first,Moat discussion partially repeats Part 1,,,ldztoNKiFrg,https://www.youtube.com/watch?v=ldztoNKiFrg,"Soumya Rajan, Waterfield Advisors | Part 2 | Rohin Dharmakumar | First Principles by The Ken"
62,46,M6,Business economics,A,Viren Shetty,Narayana Health,1,S2E10,2024-01-05,69,Business economics; India; Product,Healthcare as an assembly line - compounding micro-improvements,"Scale economics through process: tweak every small step of a long chain rather than seeking one breakthrough. The clearest systems-thinking episode, and directly relevant to any affordability-constrained Indian category.",None,Process/execution overlaps Vaibhav Gupta P1 (M1); affordability overlaps Smita Deorah (M9),,,ABicREe6UK4,https://www.youtube.com/watch?v=ABicREe6UK4,"Viren Shetty, Narayana Health | Rohin Dharmakumar | First Principles by The Ken"
63,60,M8,Leadership,A,Ritesh Agarwal,OYO,2,S2E9,2024-01-03,62,Leadership; Thinking; Personal OS,The risk of NOT doing something; peacetime CEO despite many wars,"Unusually reflective on regret, on assessing the risk of inaction, and on the transition to a calmer, more deliberate founder-CEO after a genuine near-death.",Watch Part 1 (M4) first,Crisis leadership overlaps Riyaaz Amlani (M5) and Aneesh Reddy P1 (M2),,yes,VXE5GaYTwbU,https://www.youtube.com/watch?v=VXE5GaYTwbU,"Ritesh Agarwal, OYO | Part 2 | Rohin Dharmakumar | First Principles by The Ken"
64,33,M4,Strategy,A,Soumya Rajan,Waterfield Advisors,1,S2E8,2023-12-22,66,Strategy; Business models; Business economics,"Align your revenue model with the customer's interest (fees, not commissions)","A contrarian bet on incentive alignment in a market built on hidden commissions, taken against scepticism from peers, clients and family. The cleanest business-model-as-moat case in the series.",None,"Incentive design overlaps Rahul Matthan P1 (M7) - Matthan does it internally, Rajan externally",,yes,MP8yv7CX5s0,https://www.youtube.com/watch?v=MP8yv7CX5s0,"Soumya Rajan, Waterfield Advisors | Rohin Dharmakumar | First Principles by The Ken"
65,41,M5,Distribution,B,Karthik Jayaraman,WayCool,2,S2E7,2023-12-14,42,Entrepreneurship; Leadership; Personal OS,Starting up at 40 - the mid-life founder,Good on building leaders and on career sequencing; overlaps the standard personal battery.,Watch Part 1 first,Personal battery overlaps every other Part 2,,,BvNh2MrJMSA,https://www.youtube.com/watch?v=BvNh2MrJMSA,"Karthik Jayaraman, WayCool | Part 2 | Rohin Dharmakumar | First Principles by The Ken"
66,26,M4,Strategy,A,Ritesh Agarwal,OYO,1,S2E6,2023-12-07,86,Strategy; Distribution; India,"Supply-side reframe: the problem is utilisation, not supply","India is not short of hotel rooms; it is short of usable, trustworthy, monetised ones. Reframing a demand problem as a utilisation problem is portable to almost any asset-heavy Indian category.",None,Asset-utilisation model overlaps Riyaaz Amlani P1 (M5) on real estate,,,ZOF4OnuR4zY,https://www.youtube.com/watch?v=ZOF4OnuR4zY,"Ritesh Agarwal, OYO | Rohin Dharmakumar | First Principles by The Ken"
67,3,M0,Orientation (optional),A,"Five founders on childhood and choices (Kunal Shah, Velamakanni, Screwvala)",-,-,,2023-11-23,86,Specials,"Childhood, choices, and what drove them to start up","The only playlist access to Kunal Shah (CRED), Srikanth Velamakanni (Fractal) and Ronnie Screwvala (UpGrad) - three of the most-requested names in Indian tech. Founder-formation material.",None,"Gaurav Munjal and Smita Deorah have full episodes (M4, M9); the other three do not",,,IAfcj2GwgBE,https://www.youtube.com/watch?v=IAfcj2GwgBE,"Five founders on their childhood, choices and what drove them to start up | First Principles The Ken"
68,40,M5,Distribution,A,Karthik Jayaraman,WayCool,1,S2E5,2023-11-20,82,Distribution; Strategy; India,Demand-backward supply chains; innovation does not require disruption,"Predict retail demand, then work backwards to source supply - the inverse of the usual farm-to-fork framing. Also a useful corrective to disruption-as-default.",None,"Supply-chain overlap with Sahil Barua (M1), Utham Gowda (M2), Vaibhav Gupta (M1) - pick two of the four",,,YTwdGKLHZGo,https://www.youtube.com/watch?v=YTwdGKLHZGo,"Karthik Jayaraman, WayCool | Rohin Dharmakumar | First Principles by The Ken"
69,22,M3,Product,A,Niraj Singh,Spinny,-,,2023-11-05,105,Product; India; Strategy,Trust is the product in a low-trust market,"In an overcrowded, overfunded category, the durable differentiator was guarantee and trust rather than price or selection. The generalisable move: find the transaction friction everyone treats as unavoidable.",None,"Trust-as-moat overlaps Yashish Dahiya (M5) - watch both, different mechanisms (guarantee vs human contact)",,yes,W2vcsEKdDXM,https://www.youtube.com/watch?v=W2vcsEKdDXM,"Niraj Singh, Spinny | Rohin Dharmakumar | First Principles by The Ken"
70,21,M3,Product,S,Lalit Keshre,Groww,-,,2023-10-12,97,Product; Distribution; Business economics; India,Revealed preference: what customers say is not what customers do,"Unusually dense: the one metric Groww watches, cracking delayed monetisation, why users in Indore travel for hours to meet the team, 'discipline is overrated', and a simple repeatable hiring process. Best single episode on customer insight in the series.",None,Delayed monetisation overlaps Aloke Bajpai P1 (M9); Bharat consumer overlaps Bisu P1 (M6),yes,yes,1PyEkTpor9A,https://www.youtube.com/watch?v=1PyEkTpor9A,"Lalit Keshre, Groww | Rohin Dharmakumar | First Principles by The Ken"
71,76,APX,Appendix - supercuts & specials,B,"Five founders on lasting products (Deep Kalra, Ruchi Kalra, Srikanth Iyer)",-,-,,2023-10-02,101,Specials,Building a unique product and making it last,"Contains Deep Kalra (MakeMyTrip), Ruchi Kalra (Oxyzo) and Srikanth Iyer (HomeLane), whose full episodes are NOT on this playlist - that is the reason to watch it.",None,"Overlaps M3 themes, but carries three otherwise-unavailable guests",,,1Mrl6Jfk-z8,https://www.youtube.com/watch?v=1Mrl6Jfk-z8,Five founders on building a unique product and making it last | First Principles by The Ken
72,28,M4,Strategy,A,Radhika Gupta,Edelweiss AMC,-,,2023-09-14,92,Strategy; Leadership; Personal OS,Smallness as a strategic asset - take the bets incumbents cannot,Competing in a 50-player market by choosing bets larger rivals will not make (Bharat Bonds took them from rank 30 to 13). Also the best practical material on workplace politics and separating criticism from intent.,None,Challenger strategy overlaps Archit Gupta (M4); the personal-resilience content overlaps M10,,,jGIRVFEKUR0,https://www.youtube.com/watch?v=jGIRVFEKUR0,"Radhika Gupta, Edelweiss | Rohin Dharmakumar | First Principles by The Ken"
73,50,M7,Organisation,S,MN Srinivasu,BillDesk,-,,2023-08-31,91,Organisation; Business economics; Long-term thinking,"Organisational minimalism - scale without hierarchy, designations or a CEO","Three co-founders at one desk for 20+ years, no formal hierarchy or titles, ~800 people handling $150B in payments, profitable for 15 years. The strongest counter-example to startup orthodoxy in the entire series.",None,Post-founder / no-CEO theme overlaps Rohit Chennamaneni (M8) and Alok Mittal P2 (M8) - Srinivasu is the extreme case,,yes,z5EJatwZBBY,https://www.youtube.com/watch?v=z5EJatwZBBY,"MN Srinivasu, BillDesk | Rohin Dharmakumar | First Principles by The Ken"
74,32,M4,Strategy,A,Archit Gupta,Clear (ClearTax),-,,2023-08-17,102,Strategy; India; Business models,Ride the regulatory wave - policy as a distribution channel,"A B2C-to-B2B pivot timed to India's GST-era formalisation. The transferable idea: regulation that forces compliance manufactures demand, and the winner is whoever is already built when it lands.",None,Formalisation thesis overlaps Manish Sabharwal (M9) - Archit is the company-level instance of Manish's macro argument,,,mLpAdqXDxic,https://www.youtube.com/watch?v=mLpAdqXDxic,"Archit Jain, Clear | Rohin Dharmakumar | First Principles by The Ken"
75,39,M5,Distribution,A,Yashish Dahiya,Policybazaar,-,,2023-08-07,95,Distribution; India; Product,High-consideration purchases still need humans - the unfashionable channel wins,"Phone calls sit at the core of the world's largest insurance comparison platform, in an era that declared call centres dead. The transferable move: test the channel your category's orthodoxy has written off.",None,Trust mechanism differs from Niraj Singh (M3) - guarantee vs human contact; watch both,,yes,rYd45wcgIDE,https://www.youtube.com/watch?v=rYd45wcgIDE,"Yashish Dahiya, Policybazaar | Rohin Dharmakumar | First Principles by The Ken"
76,63,M8,Leadership,A,Varun Dua,Acko,-,,2023-07-20,120,Leadership; Succession; Founder psychology,"The CEO title is a milestone, not a summit","A founder who hired a seasoned industry leader to replace himself as CEO, and explains why. Directly practicable for anyone building something meant to outlast them. Also honest that he began with no plan and no entrepreneurial intent.","Alok Mittal P2 first - Dua is the practice, Mittal the thesis",Succession theme shared with Alok Mittal P2 and MN Srinivasu (M7),,yes,mOLOZFk-bAE,https://www.youtube.com/watch?v=mOLOZFk-bAE,"Varun Dua, Acko | Rohin Dharmakumar | First Principles by The Ken"
77,2,M0,Orientation (optional),A,"Five CEOs on journeys and failures (Razorpay, SUGAR, Pine Labs, NoBroker, Ather)",-,-,,2023-07-06,105,Specials,"Journeys, struggles, successes and failures (episodes 6-10)","The only playlist access to Harshil Mathur, Vineeta Singh, Amrish Rau, Amit Agarwal and Tarun Mehta at any length.",None,No full episodes for any of these five on this playlist - zero redundancy,,,lutYPELnWJE,https://www.youtube.com/watch?v=lutYPELnWJE,"Five CEOs on their journeys, struggles, successes, and failures | First Principles by The Ken"
78,53,M7,Organisation,A,Krish Subramanian,Chargebee,-,,2023-06-08,92,Organisation; Leadership,"'Move the chairs, get out of the way of good people'","Delegation framed as friction removal, plus an explicit treatment of how to resist the desire to always be right - a rare, directly practicable leadership skill. Also why an Indian unicorn is headquartered in Amsterdam.",None,Delegation overlaps Saahil Goel P2 ('you can't manage people'); culture overlaps Alok Mittal P1 (M8),,,4qN5jJ9JLHI,https://www.youtube.com/watch?v=4qN5jJ9JLHI,"Krish Subramanian, Chargebee | Rohin Dharmakumar | First Principles by The Ken"
79,70,M9,India,A,Smita Deorah,LEAD School,-,,2023-05-25,110,India; Thinking; Product,"Attribution discipline: her daughter was not special, she was privileged",The rarest reasoning move in the playlist - reading your own positive result as evidence about access rather than talent - applied to 280 million schoolchildren of whom only 5-8 million get a quality education. Also a hard look at willingness to pay in affordable private schools.,None,Affordability-at-scale overlaps Viren Shetty P1 (M6); Bharat pricing overlaps Bisu P1 (M6),,,29H06CtsJg8,https://www.youtube.com/watch?v=29H06CtsJg8,"Smita Deorah, LEAD School | Rohin Dharmakumar | First Principles by The Ken"
80,27,M4,Strategy,A,Gaurav Munjal,Unacademy,-,,2023-05-11,93,Strategy; Personal OS; Product,Define the category you are actually in ('Unacademy is not in the education business'),"Strategic inflection points (Grove) applied in practice, plus teachers as missionaries vs mercenaries - an incentive lesson about who your supply side really is. Closes with a deep-work routine.",None,Category-definition overlaps Jaydeep Barman P1 (M4); creator-supply economics is unique here,,,TeEhRujFJqk,https://www.youtube.com/watch?v=TeEhRujFJqk,"Gaurav Munjal, Unacademy | Rohin Dharmakumar | First Principles by The Ken"
